index,file,label,day
0,CroppedImages/meteor/bramon_20210424_074540_J8_MMI.jpg,1,20210424
1,CroppedImages/meteor/bramon_20190615_084105_J8_JLY.jpg,1,20190615
2,CroppedImages/meteor/bramon_20200525_081537_J8_MMI.jpg,1,20200525
3,CroppedImages/nonmeteor/bramon_20210508_163810_nonmeteor.jpg,0,20210508
4,CroppedImages/meteor/bramon_20160425_075459_J8_ABO.jpg,1,20160425
5,CroppedImages/meteor/bramon_20200613_080458_J8_MMI.jpg,1,20200613
6,CroppedImages/nonmeteor/bramon_20210530_033515_nonmeteor.jpg,0,20210530
7,CroppedImages/meteor/ukmon_20220104_000549_UK004V.jpg,1,20220104
8,CroppedImages/meteor/bramon_20190510_025900_J8_MMI.jpg,1,20190510
9,CroppedImages/nonmeteor/ukmon_20230317_043758_nonmeteor.jpg,0,20230317
10,CroppedImages/nonmeteor/bramon_20210221_213415_nonmeteor.jpg,0,20210221
11,CroppedImages/nonmeteor/bramon_20230106_052031_nonmeteor.jpg,0,20230106
12,CroppedImages/nonmeteor/bramon_20180720_051941_nonmeteor.jpg,0,20180720
13,CroppedImages/meteor/bramon_20160615_024750_J8_JLY.jpg,1,20160615
14,CroppedImages/nonmeteor/ukmon_20230302_233521_nonmeteor.jpg,0,20230302
15,CroppedImages/nonmeteor/ukmon_20230310_223007_nonmeteor.jpg,0,20230310
16,CroppedImages/nonmeteor/bramon_20230125_233841_nonmeteor.jpg,0,20230125
17,CroppedImages/nonmeteor/bramon_20230128_042733_nonmeteor.jpg,0,20230128
18,CroppedImages/meteor/bramon_20160504_044833_J8_ABO.jpg,1,20160504
19,CroppedImages/meteor/bramon_20210530_064627_J8_MMI.jpg,1,20210530
20,CroppedImages/nonmeteor/bramon_20230125_021636_nonmeteor.jpg,0,20230125
21,CroppedImages/nonmeteor/ukmon_20230319_050520_nonmeteor.jpg,0,20230319
22,CroppedImages/meteor/boam_20200314_235058_BOL.jpg,1,20200314
23,CroppedImages/nonmeteor/bramon_20230126_044814_nonmeteor.jpg,0,20230126
24,CroppedImages/meteor/bramon_20190503_052233_J8_ABO.jpg,1,20190503
25,CroppedImages/nonmeteor/ukmon_20230319_002231_nonmeteor.jpg,0,20230319
26,CroppedImages/meteor/ukmon_20210108_052429_clanfield.jpg,1,20210108
27,CroppedImages/nonmeteor/bramon_20230319_084058_nonmeteor.jpg,0,20230319
28,CroppedImages/meteor/bramon_20200527_054700_J8_MMI.jpg,1,20200527
29,CroppedImages/nonmeteor/bramon_20221017_211255_nonmeteor.jpg,0,20221017
30,CroppedImages/meteor/bramon_20160525_073906_J8_MMI.jpg,1,20160525
31,CroppedImages/meteor/boam_20200516_015402_CHI37.jpg,1,20200516
32,CroppedImages/meteor/ukmon_20210228_003638_clanfield.jpg,1,20210228
33,CroppedImages/nonmeteor/bramon_20221213_074249_nonmeteor.jpg,0,20221213
34,CroppedImages/nonmeteor/bramon_20220330_040646_nonmeteor.jpg,0,20220330
35,CroppedImages/nonmeteor/bramon_20221213_054252_nonmeteor.jpg,0,20221213
36,CroppedImages/meteor/bramon_20190602_063537_J8_JLY.jpg,1,20190602
37,CroppedImages/nonmeteor/ukmon_20221229_012630_nonmeteor.jpg,0,20221229
38,CroppedImages/meteor/boam_20200526_020555_LITIK1.jpg,1,20200526
39,CroppedImages/nonmeteor/bramon_20210513_014818_nonmeteor.jpg,0,20210513
40,CroppedImages/nonmeteor/bramon_20210508_212523_nonmeteor.jpg,0,20210508
41,CroppedImages/nonmeteor/bramon_20210508_213254_nonmeteor.jpg,0,20210508
42,CroppedImages/nonmeteor/ukmon_20230312_033925_nonmeteor.jpg,0,20230312
43,CroppedImages/nonmeteor/bramon_20211022_000209_nonmeteor.jpg,0,20211022
44,CroppedImages/nonmeteor/bramon_20230128_042552_nonmeteor.jpg,0,20230128
45,CroppedImages/meteor/bramon_20220402_034431_J8_ABO.jpg,1,20220402
46,CroppedImages/nonmeteor/bramon_20220330_015550_nonmeteor.jpg,0,20220330
47,CroppedImages/nonmeteor/bramon_20210108_072539_nonmeteor.jpg,0,20210108
48,CroppedImages/nonmeteor/ukmon_20230319_004526_nonmeteor.jpg,0,20230319
49,CroppedImages/meteor/bramon_20180417_054424_J8_ABO.jpg,1,20180417
50,CroppedImages/meteor/boam_20200207_044234_CHI37.jpg,1,20200207
51,CroppedImages/nonmeteor/bramon_20230127_034549_nonmeteor.jpg,0,20230127
52,CroppedImages/meteor/bramon_20210525_001528_J8_MMI.jpg,1,20210525
53,CroppedImages/meteor/ukmon_20220502_025153_UK0042.jpg,1,20220502
54,CroppedImages/meteor/bramon_20190107_225444_spo.jpg,1,20190107
55,CroppedImages/meteor/bramon_20210615_040047_J8_LOP.jpg,1,20210615
56,CroppedImages/nonmeteor/bramon_20230127_012142_nonmeteor.jpg,0,20230127
57,CroppedImages/meteor/bramon_20170920_084241_J8_FLY.jpg,1,20170920
58,CroppedImages/nonmeteor/ukmon_20230319_011854_nonmeteor.jpg,0,20230319
59,CroppedImages/meteor/bramon_20170625_065157_J8_DBA.jpg,1,20170625
60,CroppedImages/nonmeteor/bramon_20230126_023819_nonmeteor.jpg,0,20230126
61,CroppedImages/nonmeteor/bramon_20211022_030525_nonmeteor.jpg,0,20211022
62,CroppedImages/nonmeteor/bramon_20230127_074343_nonmeteor.jpg,0,20230127
63,CroppedImages/meteor/bramon_20220523_061935_J8_MMI.jpg,1,20220523
64,CroppedImages/nonmeteor/bramon_20221213_055859_nonmeteor.jpg,0,20221213
65,CroppedImages/nonmeteor/bramon_20210508_210922_nonmeteor.jpg,0,20210508
66,CroppedImages/meteor/bramon_20210222_001632_J8_AAN.jpg,1,20210222
67,CroppedImages/nonmeteor/bramon_20210508_083413_nonmeteor.jpg,0,20210508
68,CroppedImages/nonmeteor/bramon_20210530_001932_nonmeteor.jpg,0,20210530
69,CroppedImages/nonmeteor/bramon_20210508_160600_nonmeteor.jpg,0,20210508
70,CroppedImages/meteor/bramon_20221009_070401_J8_SOR.jpg,1,20221009
71,CroppedImages/meteor/bramon_20190506_082955_J8_MMI.jpg,1,20190506
72,CroppedImages/nonmeteor/bramon_20160215_051120_nonmeteor.jpg,0,20160215
73,CroppedImages/meteor/bramon_20200527_230428_J8_JLY.jpg,1,20200527
74,CroppedImages/meteor/boam_20210812_025841_LITIK1.jpg,1,20210812
75,CroppedImages/meteor/bramon_20210612_231358_J8_LOP.jpg,1,20210612
76,CroppedImages/nonmeteor/bramon_20230319_001820_nonmeteor.jpg,0,20230319
77,CroppedImages/nonmeteor/bramon_20230127_012007_nonmeteor.jpg,0,20230127
78,CroppedImages/nonmeteor/bramon_20230106_052328_nonmeteor.jpg,0,20230106
79,CroppedImages/nonmeteor/bramon_20211022_000206_nonmeteor.jpg,0,20211022
80,CroppedImages/meteor/bramon_20180612_010749_J8_JLY.jpg,1,20180612
81,CroppedImages/nonmeteor/bramon_20220330_015259_nonmeteor.jpg,0,20220330
82,CroppedImages/meteor/boam_20201110_163935_LITIK1.jpg,1,20201110
83,CroppedImages/nonmeteor/bramon_20221213_070115_nonmeteor.jpg,0,20221213
84,CroppedImages/nonmeteor/bramon_20220329_031346_nonmeteor.jpg,0,20220329
85,CroppedImages/nonmeteor/ukmon_20230317_041911_nonmeteor.jpg,0,20230317
86,CroppedImages/nonmeteor/ukmon_20230106_071739_nonmeteor.jpg,0,20230106
87,CroppedImages/nonmeteor/bramon_20230318_222538_nonmeteor.jpg,0,20230318
88,CroppedImages/meteor/bramon_20150511_023448_J8_MMI.jpg,1,20150511
89,CroppedImages/meteor/bramon_20210620_064517_J8_JLY.jpg,1,20210620
90,CroppedImages/nonmeteor/bramon_20211022_021659_nonmeteor.jpg,0,20211022
91,CroppedImages/nonmeteor/bramon_20221017_232306_nonmeteor.jpg,0,20221017
92,CroppedImages/nonmeteor/bramon_20220809_075411_nonmeteor.jpg,0,20220809
93,CroppedImages/meteor/bramon_20191004_052643_J8_ZTA.jpg,1,20191004
94,CroppedImages/meteor/boam_20210123_225626_FNM1.jpg,1,20210123
95,CroppedImages/nonmeteor/ukmon_20230319_043529_nonmeteor.jpg,0,20230319
96,CroppedImages/meteor/bramon_20171024_034344_J8_ZTA.jpg,1,20171024
97,CroppedImages/meteor/boam_20220825_202621_CHI37.jpg,1,20220825
98,CroppedImages/nonmeteor/bramon_20180719_064641_nonmeteor.jpg,0,20180719
99,CroppedImages/meteor/bramon_20210615_051615_J8_JLY.jpg,1,20210615
100,CroppedImages/meteor/bramon_20210615_084059_J8_JLY.jpg,1,20210615
101,CroppedImages/meteor/bramon_20190617_061231_J8_JLY.jpg,1,20190617
102,CroppedImages/meteor/bramon_20200531_084321_J8_MMI.jpg,1,20200531
103,CroppedImages/nonmeteor/bramon_20160214_025102_nonmeteor.jpg,0,20160214
104,CroppedImages/meteor/boam_20210617_032537_Chaligny.jpg,1,20210617
105,CroppedImages/nonmeteor/bramon_20230106_061504_nonmeteor.jpg,0,20230106
106,CroppedImages/nonmeteor/bramon_20200108_015553_nonmeteor.jpg,0,20200108
107,CroppedImages/meteor/bramon_20190515_073753_J8_MMI.jpg,1,20190515
108,CroppedImages/nonmeteor/bramon_20210508_170721_nonmeteor.jpg,0,20210508
109,CroppedImages/nonmeteor/bramon_20220809_075347_nonmeteor.jpg,0,20220809
110,CroppedImages/meteor/bramon_20210516_064902_J8_MMI.jpg,1,20210516
111,CroppedImages/nonmeteor/bramon_20210508_213222_nonmeteor.jpg,0,20210508
112,CroppedImages/nonmeteor/bramon_20210508_083411_nonmeteor.jpg,0,20210508
113,CroppedImages/meteor/bramon_20211022_074135_J8_SOR.jpg,1,20211022
114,CroppedImages/meteor/bramon_20161214_222651_J8_DPC.jpg,1,20161214
115,CroppedImages/meteor/boam_20230220_020033_CHI37.jpg,1,20230220
116,CroppedImages/nonmeteor/bramon_20230128_012454_nonmeteor.jpg,0,20230128
117,CroppedImages/nonmeteor/bramon_20210508_213146_nonmeteor.jpg,0,20210508
118,CroppedImages/meteor/bramon_20170525_034701_J8_MMI.jpg,1,20170525
119,CroppedImages/nonmeteor/bramon_20221017_231123_nonmeteor.jpg,0,20221017
120,CroppedImages/nonmeteor/bramon_20210508_113144_nonmeteor.jpg,0,20210508
121,CroppedImages/nonmeteor/ukmon_20230318_233408_nonmeteor.jpg,0,20230318
122,CroppedImages/meteor/bramon_20210501_072058_J8_MMI.jpg,1,20210501
123,CroppedImages/nonmeteor/bramon_20230319_075536_nonmeteor.jpg,0,20230319
124,CroppedImages/nonmeteor/ukmon_20230318_233342_nonmeteor.jpg,0,20230318
125,CroppedImages/nonmeteor/bramon_20160215_234713_nonmeteor.jpg,0,20160215
126,CroppedImages/meteor/ukmon_20220430_000047_UK0045.jpg,1,20220430
127,CroppedImages/meteor/bramon_20210517_063211_J8_MMI.jpg,1,20210517
128,CroppedImages/meteor/bramon_20200613_064410_J8_MMI.jpg,1,20200613
129,CroppedImages/nonmeteor/bramon_20211022_005314_nonmeteor.jpg,0,20211022
130,CroppedImages/nonmeteor/ukmon_20230312_035234_nonmeteor.jpg,0,20230312
131,CroppedImages/meteor/boam_20210730_220120_FNM1.jpg,1,20210730
132,CroppedImages/nonmeteor/ukmon_20230319_050545_nonmeteor.jpg,0,20230319
133,CroppedImages/nonmeteor/bramon_20230106_044551_nonmeteor.jpg,0,20230106
134,CroppedImages/meteor/bramon_20161119_225650_J8_DPC.jpg,1,20161119
135,CroppedImages/meteor/bramon_20210518_053340_J8_MMI.jpg,1,20210518
136,CroppedImages/meteor/bramon_20180530_064819_J8_JLY.jpg,1,20180530
137,CroppedImages/nonmeteor/bramon_20230106_054615_nonmeteor.jpg,0,20230106
138,CroppedImages/meteor/ukmon_20200710_222453_clanfield.jpg,1,20200710
139,CroppedImages/meteor/bramon_20200419_052717_J8_ABO.jpg,1,20200419
140,CroppedImages/nonmeteor/bramon_20230125_234007_nonmeteor.jpg,0,20230125
141,CroppedImages/meteor/bramon_20200627_064822_J8_JLY.jpg,1,20200627
142,CroppedImages/nonmeteor/bramon_20210308_232925_nonmeteor.jpg,0,20210308
143,CroppedImages/nonmeteor/ukmon_20221229_012731_nonmeteor.jpg,0,20221229
144,CroppedImages/nonmeteor/bramon_20210601_005708_nonmeteor.jpg,0,20210601
145,CroppedImages/meteor/ukmon_20200502_031646_chard.jpg,1,20200502
146,CroppedImages/nonmeteor/bramon_20211022_005410_nonmeteor.jpg,0,20211022
147,CroppedImages/meteor/boam_20200316_043903_BOL.jpg,1,20200316
148,CroppedImages/meteor/boam_20201213_231340_CHI37.jpg,1,20201213
149,CroppedImages/nonmeteor/bramon_20210503_004833_nonmeteor.jpg,0,20210503
150,CroppedImages/meteor/ukmon_20220322_000619_UK003T.jpg,1,20220322
151,CroppedImages/meteor/bramon_20190506_031821_J8_MMI.jpg,1,20190506
152,CroppedImages/meteor/boam_20200922_013814_LITIK1.jpg,1,20200922
153,CroppedImages/meteor/bramon_20160612_034519_J8_MMI.jpg,1,20160612
154,CroppedImages/nonmeteor/bramon_20230126_064230_nonmeteor.jpg,0,20230126
155,CroppedImages/nonmeteor/ukmon_20230319_042009_nonmeteor.jpg,0,20230319
156,CroppedImages/nonmeteor/ukmon_20230318_235604_nonmeteor.jpg,0,20230318
157,CroppedImages/meteor/ukmon_20210704_000028_UK002K.jpg,1,20210704
158,CroppedImages/meteor/ukmon_20200531_233655_tackley.jpg,1,20200531
159,CroppedImages/meteor/boam_20201019_233234_LITIK1.jpg,1,20201019
160,CroppedImages/meteor/bramon_20220611_062719_J8_MMI.jpg,1,20220611
161,CroppedImages/meteor/bramon_20170507_053544_J8_MMI.jpg,1,20170507
162,CroppedImages/nonmeteor/bramon_20210508_193105_nonmeteor.jpg,0,20210508
163,CroppedImages/meteor/ukmon_20220131_000142_UK003L.jpg,1,20220131
164,CroppedImages/meteor/bramon_20200516_072037_J8_MMI.jpg,1,20200516
165,CroppedImages/nonmeteor/bramon_20211022_030459_nonmeteor.jpg,0,20211022
166,CroppedImages/meteor/ukmon_20210409_UK000T.jpg,1,20210409
167,CroppedImages/nonmeteor/bramon_20230319_000128_nonmeteor.jpg,0,20230319
168,CroppedImages/nonmeteor/bramon_20210530_214904_nonmeteor.jpg,0,20210530
169,CroppedImages/nonmeteor/bramon_20220329_233252_nonmeteor.jpg,0,20220329
170,CroppedImages/meteor/bramon_20200425_062841_J8_MMI.jpg,1,20200425
171,CroppedImages/meteor/bramon_20190428_083721_J8_MMI.jpg,1,20190428
172,CroppedImages/meteor/bramon_20200509_043551_J8_MMI.jpg,1,20200509
173,CroppedImages/nonmeteor/bramon_20160215_061340_nonmeteor.jpg,0,20160215
174,CroppedImages/meteor/bramon_20200518_011946_J8_MMI.jpg,1,20200518
175,CroppedImages/meteor/bramon_20200501_055509_J8_ABO.jpg,1,20200501
176,CroppedImages/meteor/boam_20200410_210141_LITIK2.jpg,1,20200410
177,CroppedImages/nonmeteor/bramon_20230319_072833_nonmeteor.jpg,0,20230319
178,CroppedImages/meteor/boam_20200818_013834_LITIK1.jpg,1,20200818
179,CroppedImages/nonmeteor/bramon_20230128_042610_nonmeteor.jpg,0,20230128
180,CroppedImages/nonmeteor/ukmon_20230312_051007_nonmeteor.jpg,0,20230312
181,CroppedImages/nonmeteor/ukmon_20230319_002027_nonmeteor.jpg,0,20230319
182,CroppedImages/meteor/bramon_20200618_080336_J8_JLY.jpg,1,20200618
183,CroppedImages/nonmeteor/bramon_20220329_013612_nonmeteor.jpg,0,20220329
184,CroppedImages/nonmeteor/bramon_20210508_181402_nonmeteor.jpg,0,20210508
185,CroppedImages/nonmeteor/ukmon_20230315_224428_nonmeteor.jpg,0,20230315
186,CroppedImages/meteor/bramon_20210502_081834_J8_ABO.jpg,1,20210502
187,CroppedImages/meteor/bramon_20210222_081505_J8_AAN.jpg,1,20210222
188,CroppedImages/nonmeteor/bramon_20230128_042643_nonmeteor.jpg,0,20230128
189,CroppedImages/nonmeteor/bramon_20220617_210950_nonmeteor.jpg,0,20220617
190,CroppedImages/meteor/bramon_20160506_060912_J8_MMI.jpg,1,20160506
191,CroppedImages/meteor/bramon_20180703_033152_J8_JLY.jpg,1,20180703
192,CroppedImages/meteor/boam_20200117_025646_LITIK1.jpg,1,20200117
193,CroppedImages/nonmeteor/bramon_20230318_235730_nonmeteor.jpg,0,20230318
194,CroppedImages/meteor/boam_20201212_200034_CHI37.jpg,1,20201212
195,CroppedImages/nonmeteor/bramon_20210108_072006_nonmeteor.jpg,0,20210108
196,CroppedImages/nonmeteor/bramon_20230106_034005_nonmeteor.jpg,0,20230106
197,CroppedImages/nonmeteor/bramon_20230126_232621_nonmeteor.jpg,0,20230126
198,CroppedImages/meteor/boam_20210402_003751_LITIK2.jpg,1,20210402
199,CroppedImages/nonmeteor/bramon_20230128_042540_nonmeteor.jpg,0,20230128
200,CroppedImages/nonmeteor/bramon_20230319_083724_nonmeteor.jpg,0,20230319
201,CroppedImages/nonmeteor/bramon_20230319_000806_nonmeteor.jpg,0,20230319
202,CroppedImages/nonmeteor/bramon_20220329_080843_nonmeteor.jpg,0,20220329
203,CroppedImages/nonmeteor/bramon_20160214_234034_nonmeteor.jpg,0,20160214
204,CroppedImages/meteor/boam_20200628_214639_LITIK1.jpg,1,20200628
205,CroppedImages/nonmeteor/bramon_20221017_225855_nonmeteor.jpg,0,20221017
206,CroppedImages/nonmeteor/bramon_20210530_220428_nonmeteor.jpg,0,20210530
207,CroppedImages/nonmeteor/bramon_20230126_232741_nonmeteor.jpg,0,20230126
208,CroppedImages/meteor/ukmon_20200701_000342_wilcot.jpg,1,20200701
209,CroppedImages/nonmeteor/bramon_20230106_065431_nonmeteor.jpg,0,20230106
210,CroppedImages/nonmeteor/ukmon_20230318_235702_nonmeteor.jpg,0,20230318
211,CroppedImages/nonmeteor/bramon_20210508_212527_nonmeteor.jpg,0,20210508
212,CroppedImages/nonmeteor/bramon_20230319_071920_nonmeteor.jpg,0,20230319
213,CroppedImages/meteor/bramon_20171016_070220_J8_FLY.jpg,1,20171016
214,CroppedImages/meteor/bramon_20190711_041907_J8_JLY.jpg,1,20190711
215,CroppedImages/meteor/bramon_20200518_071942_J8_MMI.jpg,1,20200518
216,CroppedImages/meteor/bramon_20220603_063019_J8_MMI.jpg,1,20220603
217,CroppedImages/nonmeteor/bramon_20230318_222549_nonmeteor.jpg,0,20230318
218,CroppedImages/nonmeteor/bramon_20211022_012311_nonmeteor.jpg,0,20211022
219,CroppedImages/nonmeteor/bramon_20230106_050141_nonmeteor.jpg,0,20230106
220,CroppedImages/nonmeteor/ukmon_20230319_050920_nonmeteor.jpg,0,20230319
221,CroppedImages/nonmeteor/bramon_20230319_075829_nonmeteor.jpg,0,20230319
222,CroppedImages/meteor/bramon_20160528_073141_J8_JLY.jpg,1,20160528
223,CroppedImages/meteor/boam_20200802_210207_LITIK1.jpg,1,20200802
224,CroppedImages/meteor/bramon_20180209_050634_J8_AAN.jpg,1,20180209
225,CroppedImages/meteor/ukmon_20200715_225625_lockyer1.jpg,1,20200715
226,CroppedImages/nonmeteor/ukmon_20230319_012749_nonmeteor.jpg,0,20230319
227,CroppedImages/nonmeteor/bramon_20230319_083740_nonmeteor.jpg,0,20230319
228,CroppedImages/meteor/ukmon_20230122_020316_UK0032.jpg,1,20230122
229,CroppedImages/nonmeteor/ukmon_20230315_223139_nonmeteor.jpg,0,20230315
230,CroppedImages/meteor/bramon_20171025_042847_J8_ZTA.jpg,1,20171025
231,CroppedImages/nonmeteor/bramon_20160214_062920_nonmeteor.jpg,0,20160214
232,CroppedImages/meteor/boam_20210404_235340_CHI37.jpg,1,20210404
233,CroppedImages/nonmeteor/bramon_20211022_032332_nonmeteor.jpg,0,20211022
234,CroppedImages/nonmeteor/bramon_20180716_091459_nonmeteor.jpg,0,20180716
235,CroppedImages/meteor/bramon_20210910_082301_J8_SOR.jpg,1,20210910
236,CroppedImages/meteor/ukmon_20220831_000114_UK0034.jpg,1,20220831
237,CroppedImages/nonmeteor/bramon_20160215_014500_nonmeteor.jpg,0,20160215
238,CroppedImages/nonmeteor/ukmon_20230315_224215_nonmeteor.jpg,0,20230315
239,CroppedImages/nonmeteor/ukmon_20221229_012720_nonmeteor.jpg,0,20221229
240,CroppedImages/nonmeteor/bramon_20230318_235334_nonmeteor.jpg,0,20230318
241,CroppedImages/nonmeteor/bramon_20221213_063627_nonmeteor.jpg,0,20221213
242,CroppedImages/meteor/boam_20151030_043559_MSO1.jpg,1,20151030
243,CroppedImages/nonmeteor/bramon_20160215_231748_nonmeteor.jpg,0,20160215
244,CroppedImages/nonmeteor/ukmon_20230319_012219_nonmeteor.jpg,0,20230319
245,CroppedImages/meteor/boam_20200808_003622_BOL.jpg,1,20200808
246,CroppedImages/nonmeteor/bramon_20211022_025731_nonmeteor.jpg,0,20211022
247,CroppedImages/meteor/ukmon_20230315_035338_UK0067.jpg,1,20230315
248,CroppedImages/nonmeteor/bramon_20220617_210816_nonmeteor.jpg,0,20220617
249,CroppedImages/nonmeteor/bramon_20220329_233248_nonmeteor.jpg,0,20220329
250,CroppedImages/meteor/ukmon_20220209_003120_UK0034.jpg,1,20220209
251,CroppedImages/nonmeteor/bramon_20230319_000836_nonmeteor.jpg,0,20230319
252,CroppedImages/nonmeteor/bramon_20160214_030940_nonmeteor.jpg,0,20160214
253,CroppedImages/nonmeteor/bramon_20230319_001117_nonmeteor.jpg,0,20230319
254,CroppedImages/nonmeteor/bramon_20210601_002229_nonmeteor.jpg,0,20210601
255,CroppedImages/nonmeteor/bramon_20210502_012709_nonmeteor.jpg,0,20210502
256,CroppedImages/meteor/bramon_20170523_075224_J8_JLY.jpg,1,20170523
257,CroppedImages/nonmeteor/bramon_20230319_002412_nonmeteor.jpg,0,20230319
258,CroppedImages/meteor/bramon_20220607_045933_J8_JLY.jpg,1,20220607
259,CroppedImages/nonmeteor/bramon_20210508_181459_nonmeteor.jpg,0,20210508
260,CroppedImages/nonmeteor/ukmon_20230315_224641_nonmeteor.jpg,0,20230315
261,CroppedImages/meteor/bramon_20151017_035905_J8_ZTA.jpg,1,20151017
262,CroppedImages/nonmeteor/bramon_20210118_022039_nonmeteor.jpg,0,20210118
263,CroppedImages/meteor/bramon_20200701_013433_J8_JLY.jpg,1,20200701
264,CroppedImages/meteor/bramon_20200509_040732_J8_MMI.jpg,1,20200509
265,CroppedImages/meteor/bramon_20170526_015815_J8_MAC.jpg,1,20170526
266,CroppedImages/meteor/ukmon_20230301_203243_UK008T.jpg,1,20230301
267,CroppedImages/meteor/bramon_20190424_071438_J8_ABO.jpg,1,20190424
268,CroppedImages/meteor/bramon_20201106_034731_J8_FLY.jpg,1,20201106
269,CroppedImages/meteor/boam_20151030_205737_FNM1.jpg,1,20151030
270,CroppedImages/nonmeteor/bramon_20210508_194234_nonmeteor.jpg,0,20210508
271,CroppedImages/meteor/ukmon_20221201_000235_UK001L.jpg,1,20221201
272,CroppedImages/nonmeteor/bramon_20180716_091537_nonmeteor.jpg,0,20180716
273,CroppedImages/nonmeteor/bramon_20160215_050202_nonmeteor.jpg,0,20160215
274,CroppedImages/meteor/bramon_20210708_231707_J8_LOP.jpg,1,20210708
275,CroppedImages/meteor/boam_20200906_024655_LITIK1.jpg,1,20200906
276,CroppedImages/nonmeteor/bramon_20230125_234121_nonmeteor.jpg,0,20230125
277,CroppedImages/nonmeteor/bramon_20221213_061311_nonmeteor.jpg,0,20221213
278,CroppedImages/nonmeteor/bramon_20230128_042631_nonmeteor.jpg,0,20230128
279,CroppedImages/nonmeteor/bramon_20221213_062435_nonmeteor.jpg,0,20221213
280,CroppedImages/nonmeteor/bramon_20230106_034218_nonmeteor.jpg,0,20230106
281,CroppedImages/nonmeteor/ukmon_20230310_221503_nonmeteor.jpg,0,20230310
282,CroppedImages/nonmeteor/bramon_20220904_000824_nonmeteor.jpg,0,20220904
283,CroppedImages/nonmeteor/ukmon_20230315_223220_nonmeteor.jpg,0,20230315
284,CroppedImages/meteor/ukmon_20230117_003549_UK006X.jpg,1,20230117
285,CroppedImages/meteor/ukmon_20200922_000431_clanfield.jpg,1,20200922
286,CroppedImages/nonmeteor/bramon_20230106_042324_nonmeteor.jpg,0,20230106
287,CroppedImages/nonmeteor/bramon_20210505_024947_nonmeteor.jpg,0,20210505
288,CroppedImages/meteor/bramon_20200430_072216_J8_ABO.jpg,1,20200430
289,CroppedImages/nonmeteor/ukmon_20230319_013102_nonmeteor.jpg,0,20230319
290,CroppedImages/meteor/bramon_20201123_040907_J8_GCM.jpg,1,20201123
291,CroppedImages/nonmeteor/bramon_20221031_050504_nonmeteor.jpg,0,20221031
292,CroppedImages/meteor/bramon_20201026_062452_J8_ZTA.jpg,1,20201026
293,CroppedImages/nonmeteor/bramon_20211022_034016_nonmeteor.jpg,0,20211022
294,CroppedImages/meteor/bramon_20200513_073406_J8_MMI.jpg,1,20200513
295,CroppedImages/meteor/ukmon_20211201_011021_UK0020.jpg,1,20211201
296,CroppedImages/meteor/bramon_20210630_231702_J8_JLY.jpg,1,20210630
297,CroppedImages/nonmeteor/bramon_20221230_015245_nonmeteor.jpg,0,20221230
298,CroppedImages/nonmeteor/bramon_20211022_020513_nonmeteor.jpg,0,20211022
299,CroppedImages/meteor/bramon_20170527_004722_J8_MMI.jpg,1,20170527
300,CroppedImages/meteor/ukmon_20230315_035338_UK007P.jpg,1,20230315
301,CroppedImages/meteor/ukmon_20220831_000115_UK007E.jpg,1,20220831
302,CroppedImages/meteor/bramon_20181022_064907_J8_ZTA.jpg,1,20181022
303,CroppedImages/nonmeteor/bramon_20230319_001241_nonmeteor.jpg,0,20230319
304,CroppedImages/meteor/bramon_20210917_074957_J8_SOR.jpg,1,20210917
305,CroppedImages/nonmeteor/ukmon_20230319_003501_nonmeteor.jpg,0,20230319
306,CroppedImages/meteor/boam_20200121_192501_LITIK1.jpg,1,20200121
307,CroppedImages/meteor/bramon_20210424_071759_J8_MMI.jpg,1,20210424
308,CroppedImages/meteor/bramon_20210518_073721_J8_MMI.jpg,1,20210518
309,CroppedImages/meteor/bramon_20210421_042208_J8_ABO.jpg,1,20210421
310,CroppedImages/meteor/boam_20180814_015726_FNM1.jpg,1,20180814
311,CroppedImages/nonmeteor/bramon_20221213_062457_nonmeteor.jpg,0,20221213
312,CroppedImages/meteor/bramon_20180609_075508_J8_JLY.jpg,1,20180609
313,CroppedImages/meteor/bramon_20190208_080901_J8_AAN.jpg,1,20190208
314,CroppedImages/nonmeteor/bramon_20230126_044700_nonmeteor.jpg,0,20230126
315,CroppedImages/nonmeteor/ukmon_20230318_233738_nonmeteor.jpg,0,20230318
316,CroppedImages/nonmeteor/bramon_20160215_071844_nonmeteor.jpg,0,20160215
317,CroppedImages/meteor/ukmon_20230117_003551_UK000D.jpg,1,20230117
318,CroppedImages/nonmeteor/bramon_20230106_075248_nonmeteor.jpg,0,20230106
319,CroppedImages/nonmeteor/ukmon_20230316_193503_nonmeteor.jpg,0,20230316
320,CroppedImages/nonmeteor/bramon_20230106_065129_nonmeteor.jpg,0,20230106
321,CroppedImages/nonmeteor/bramon_20211022_000147_nonmeteor.jpg,0,20211022
322,CroppedImages/nonmeteor/bramon_20230319_073027_nonmeteor.jpg,0,20230319
323,CroppedImages/nonmeteor/bramon_20211022_000103_nonmeteor.jpg,0,20211022
324,CroppedImages/meteor/boam_20161130_233739_MSO1.jpg,1,20161130
325,CroppedImages/nonmeteor/bramon_20220329_003127_nonmeteor.jpg,0,20220329
326,CroppedImages/nonmeteor/ukmon_20230317_041901_nonmeteor.jpg,0,20230317
327,CroppedImages/nonmeteor/ukmon_20230318_231242_nonmeteor.jpg,0,20230318
328,CroppedImages/nonmeteor/bramon_20180716_092504_nonmeteor.jpg,0,20180716
329,CroppedImages/nonmeteor/ukmon_20221229_012538_nonmeteor.jpg,0,20221229
330,CroppedImages/meteor/boam_20211024_025552_FNM1.jpg,1,20211024
331,CroppedImages/meteor/bramon_20191022_064142_J8_ZTA.jpg,1,20191022
332,CroppedImages/meteor/bramon_20200613_060850_J8_MMI.jpg,1,20200613
333,CroppedImages/meteor/bramon_20200127_072720_J8_AAN.jpg,1,20200127
334,CroppedImages/meteor/bramon_20180502_051005_J8_MMI.jpg,1,20180502
335,CroppedImages/nonmeteor/bramon_20210508_183924_nonmeteor.jpg,0,20210508
336,CroppedImages/nonmeteor/bramon_20230106_035141_nonmeteor.jpg,0,20230106
337,CroppedImages/nonmeteor/bramon_20160214_021013_nonmeteor.jpg,0,20160214
338,CroppedImages/nonmeteor/ukmon_20230318_233530_nonmeteor.jpg,0,20230318
339,CroppedImages/nonmeteor/bramon_20230106_070142_nonmeteor.jpg,0,20230106
340,CroppedImages/nonmeteor/ukmon_20230319_041241_nonmeteor.jpg,0,20230319
341,CroppedImages/meteor/bramon_20210606_003902_J8_LOP.jpg,1,20210606
342,CroppedImages/meteor/boam_20220703_002135_FNM1.jpg,1,20220703
343,CroppedImages/nonmeteor/bramon_20210503_005320_nonmeteor.jpg,0,20210503
344,CroppedImages/nonmeteor/bramon_20230106_064514_nonmeteor.jpg,0,20230106
345,CroppedImages/meteor/bramon_20170508_030509_J8_MMI.jpg,1,20170508
346,CroppedImages/nonmeteor/bramon_20230218_014612_nonmeteor.jpg,0,20230218
347,CroppedImages/meteor/bramon_20210424_083730_J8_MMI.jpg,1,20210424
348,CroppedImages/nonmeteor/bramon_20180720_031903_nonmeteor.jpg,0,20180720
349,CroppedImages/meteor/boam_20200227_231959_FNM1.jpg,1,20200227
350,CroppedImages/meteor/boam_20210329_233406_LITIK2.jpg,1,20210329
351,CroppedImages/meteor/bramon_20190620_011815_J8_JLY.jpg,1,20190620
352,CroppedImages/nonmeteor/bramon_20160215_234114_nonmeteor.jpg,0,20160215
353,CroppedImages/nonmeteor/bramon_20230106_060856_nonmeteor.jpg,0,20230106
354,CroppedImages/nonmeteor/bramon_20220617_210907_nonmeteor.jpg,0,20220617
355,CroppedImages/nonmeteor/bramon_20210503_010958_nonmeteor.jpg,0,20210503
356,CroppedImages/meteor/bramon_20180705_060640_J8_JLY.jpg,1,20180705
357,CroppedImages/nonmeteor/bramon_20220330_002328_nonmeteor.jpg,0,20220330
358,CroppedImages/nonmeteor/bramon_20230125_234053_nonmeteor.jpg,0,20230125
359,CroppedImages/meteor/bramon_20190529_050417_J8_JLY.jpg,1,20190529
360,CroppedImages/meteor/bramon_20200612_055533_J8_JLY.jpg,1,20200612
361,CroppedImages/meteor/ukmon_20230202_050011_UK003L.jpg,1,20230202
362,CroppedImages/meteor/ukmon_20220826_000308_UK003Z.jpg,1,20220826
363,CroppedImages/meteor/boam_20200821_034207_FNM1.jpg,1,20200821
364,CroppedImages/meteor/bramon_20190605_035835_J8_MMI.jpg,1,20190605
365,CroppedImages/meteor/boam_20200908_213928_LITIK1.jpg,1,20200908
366,CroppedImages/meteor/bramon_20220602_014237_J8_JLY.jpg,1,20220602
367,CroppedImages/nonmeteor/bramon_20210508_084359_nonmeteor.jpg,0,20210508
368,CroppedImages/meteor/bramon_20201011_073038_J8_ZTA.jpg,1,20201011
369,CroppedImages/meteor/boam_20200422_232438_LITIK1.jpg,1,20200422
370,CroppedImages/meteor/bramon_20210429_054817_J8_MMI.jpg,1,20210429
371,CroppedImages/meteor/bramon_20210923_054542_J8_SOR.jpg,1,20210923
372,CroppedImages/meteor/bramon_20200607_061518_J8_MMI.jpg,1,20200607
373,CroppedImages/meteor/bramon_20200702_031902_J8_JLY.jpg,1,20200702
374,CroppedImages/meteor/ukmon_20230315_035338_UK0027.jpg,1,20230315
375,CroppedImages/meteor/bramon_20210610_055045_J8_MMI.jpg,1,20210610
376,CroppedImages/nonmeteor/bramon_20230125_234027_nonmeteor.jpg,0,20230125
377,CroppedImages/meteor/boam_20200906_234714_BOL.jpg,1,20200906
378,CroppedImages/nonmeteor/bramon_20210508_212449_nonmeteor.jpg,0,20210508
379,CroppedImages/meteor/boam_20200818_034126_LITIK2.jpg,1,20200818
380,CroppedImages/meteor/bramon_20210630_220813_J8_LOP.jpg,1,20210630
381,CroppedImages/nonmeteor/bramon_20210531_232848_nonmeteor.jpg,0,20210531
382,CroppedImages/nonmeteor/bramon_20210508_080728_nonmeteor.jpg,0,20210508
383,CroppedImages/nonmeteor/bramon_20210508_112358_nonmeteor.jpg,0,20210508
384,CroppedImages/nonmeteor/bramon_20160214_031155_nonmeteor.jpg,0,20160214
385,CroppedImages/nonmeteor/bramon_20160215_020603_nonmeteor.jpg,0,20160215
386,CroppedImages/meteor/ukmon_20210409_UK0020.jpg,1,20210409
387,CroppedImages/nonmeteor/bramon_20221230_015655_nonmeteor.jpg,0,20221230
388,CroppedImages/meteor/bramon_20190505_074328_J8_MMI.jpg,1,20190505
389,CroppedImages/meteor/boam_20230212_230525_Chaligny.jpg,1,20230212
390,CroppedImages/meteor/ukmon_20230307_231211_UK006Q.jpg,1,20230307
391,CroppedImages/nonmeteor/bramon_20211022_024851_nonmeteor.jpg,0,20211022
392,CroppedImages/nonmeteor/bramon_20160215_015517_nonmeteor.jpg,0,20160215
393,CroppedImages/meteor/bramon_20210424_063000_J8_MMI.jpg,1,20210424
394,CroppedImages/nonmeteor/bramon_20221213_070018_nonmeteor.jpg,0,20221213
395,CroppedImages/nonmeteor/bramon_20230106_061510_nonmeteor.jpg,0,20230106
396,CroppedImages/meteor/bramon_20190114_064236_J8_AAN.jpg,1,20190114
397,CroppedImages/nonmeteor/bramon_20201213_040048_nonmeteor.jpg,0,20201213
398,CroppedImages/meteor/bramon_20190429_064404_J8_MMI.jpg,1,20190429
399,CroppedImages/meteor/bramon_20210602_064436_J8_MMI.jpg,1,20210602
400,CroppedImages/nonmeteor/bramon_20210530_003007_nonmeteor.jpg,0,20210530
401,CroppedImages/nonmeteor/bramon_20210508_095002_nonmeteor.jpg,0,20210508
402,CroppedImages/nonmeteor/bramon_20160215_053822_nonmeteor.jpg,0,20160215
403,CroppedImages/nonmeteor/bramon_20210530_221156_nonmeteor.jpg,0,20210530
404,CroppedImages/meteor/bramon_20210720_072919_J8_NNA.jpg,1,20210720
405,CroppedImages/nonmeteor/bramon_20230128_012842_nonmeteor.jpg,0,20230128
406,CroppedImages/nonmeteor/bramon_20210508_115902_nonmeteor.jpg,0,20210508
407,CroppedImages/meteor/bramon_20210623_013858_J8_LOP.jpg,1,20210623
408,CroppedImages/meteor/bramon_20200526_080923_J8_MMI.jpg,1,20200526
409,CroppedImages/meteor/bramon_20210611_074408_J8_MMI.jpg,1,20210611
410,CroppedImages/meteor/bramon_20210608_080506_J8_MMI.jpg,1,20210608
411,CroppedImages/meteor/bramon_20171025_004512_J8_ZTA.jpg,1,20171025
412,CroppedImages/meteor/boam_20200115_041108_LITIK1.jpg,1,20200115
413,CroppedImages/nonmeteor/bramon_20211022_021557_nonmeteor.jpg,0,20211022
414,CroppedImages/nonmeteor/bramon_20210531_234909_nonmeteor.jpg,0,20210531
415,CroppedImages/nonmeteor/bramon_20210530_020418_nonmeteor.jpg,0,20210530
416,CroppedImages/nonmeteor/bramon_20230318_235853_nonmeteor.jpg,0,20230318
417,CroppedImages/nonmeteor/bramon_20230318_222521_nonmeteor.jpg,0,20230318
418,CroppedImages/meteor/ukmon_20200612_225517_clanfield.jpg,1,20200612
419,CroppedImages/nonmeteor/bramon_20211022_021611_nonmeteor.jpg,0,20211022
420,CroppedImages/meteor/bramon_20220514_064253_J8_MMI.jpg,1,20220514
421,CroppedImages/nonmeteor/bramon_20210508_094307_nonmeteor.jpg,0,20210508
422,CroppedImages/nonmeteor/ukmon_20230319_001743_nonmeteor.jpg,0,20230319
423,CroppedImages/meteor/boam_20201122_065416_Chaligny.jpg,1,20201122
424,CroppedImages/meteor/bramon_20210614_065043_J8_JLY.jpg,1,20210614
425,CroppedImages/nonmeteor/bramon_20221031_050508_nonmeteor.jpg,0,20221031
426,CroppedImages/meteor/bramon_20210505_060006_J8_MMI.jpg,1,20210505
427,CroppedImages/nonmeteor/bramon_20230318_222804_nonmeteor.jpg,0,20230318
428,CroppedImages/nonmeteor/bramon_20221017_005653_nonmeteor.jpg,0,20221017
429,CroppedImages/nonmeteor/bramon_20211022_023358_nonmeteor.jpg,0,20211022
430,CroppedImages/nonmeteor/bramon_20211022_032417_nonmeteor.jpg,0,20211022
431,CroppedImages/meteor/bramon_20180612_064354_J8_MMI.jpg,1,20180612
432,CroppedImages/meteor/boam_20200121_031247_BOL.jpg,1,20200121
433,CroppedImages/meteor/bramon_20171219_050306_J8_GCM.jpg,1,20171219
434,CroppedImages/meteor/bramon_20200701_030319_J8_JLY.jpg,1,20200701
435,CroppedImages/meteor/bramon_20170512_071337_J8_ABO.jpg,1,20170512
436,CroppedImages/nonmeteor/bramon_20221018_000237_nonmeteor.jpg,0,20221018
437,CroppedImages/meteor/bramon_20200426_022417_J8_ABO.jpg,1,20200426
438,CroppedImages/meteor/boam_20161130_225518_MSO1.jpg,1,20161130
439,CroppedImages/nonmeteor/bramon_20230106_033148_nonmeteor.jpg,0,20230106
440,CroppedImages/nonmeteor/bramon_20230125_021743_nonmeteor.jpg,0,20230125
441,CroppedImages/meteor/bramon_20210525_051428_J8_MMI.jpg,1,20210525
442,CroppedImages/nonmeteor/bramon_20210508_213208_nonmeteor.jpg,0,20210508
443,CroppedImages/meteor/bramon_20200421_020913_J8_ABO.jpg,1,20200421
444,CroppedImages/meteor/bramon_20210930_055941_J8_SOR.jpg,1,20210930
445,CroppedImages/nonmeteor/bramon_20160215_071739_nonmeteor.jpg,0,20160215
446,CroppedImages/nonmeteor/bramon_20221018_003133_nonmeteor.jpg,0,20221018
447,CroppedImages/nonmeteor/bramon_20210508_170813_nonmeteor.jpg,0,20210508
448,CroppedImages/meteor/bramon_20171215_074732_J8_DDC.jpg,1,20171215
449,CroppedImages/meteor/ukmon_20230205_042546_UK005K.jpg,1,20230205
450,CroppedImages/nonmeteor/ukmon_20230316_193555_nonmeteor.jpg,0,20230316
451,CroppedImages/nonmeteor/bramon_20230126_232707_nonmeteor.jpg,0,20230126
452,CroppedImages/nonmeteor/ukmon_20230319_004536_nonmeteor.jpg,0,20230319
453,CroppedImages/meteor/boam_20230210_194314_Chaligny.jpg,1,20230210
454,CroppedImages/nonmeteor/bramon_20180716_092452_nonmeteor.jpg,0,20180716
455,CroppedImages/meteor/bramon_20210520_075247_J8_MMI.jpg,1,20210520
456,CroppedImages/meteor/boam_20200405_040741_LITIK2.jpg,1,20200405
457,CroppedImages/meteor/ukmon_20230202_050010_UK007A.jpg,1,20230202
458,CroppedImages/meteor/bramon_20170915_050738_J8_ZTA.jpg,1,20170915
459,CroppedImages/meteor/boam_20200608_005708_LITIK1.jpg,1,20200608
460,CroppedImages/meteor/bramon_20210918_074443_J8_ZTA.jpg,1,20210918
461,CroppedImages/meteor/bramon_20190615_061842_J8_JLY.jpg,1,20190615
462,CroppedImages/nonmeteor/bramon_20221017_005848_nonmeteor.jpg,0,20221017
463,CroppedImages/nonmeteor/bramon_20160214_233804_nonmeteor.jpg,0,20160214
464,CroppedImages/nonmeteor/bramon_20210508_193509_nonmeteor.jpg,0,20210508
465,CroppedImages/nonmeteor/ukmon_20230315_222216_nonmeteor.jpg,0,20230315
466,CroppedImages/nonmeteor/ukmon_20230312_035658_nonmeteor.jpg,0,20230312
467,CroppedImages/nonmeteor/bramon_20230127_034426_nonmeteor.jpg,0,20230127
468,CroppedImages/meteor/boam_20201105_015751_LITIK1.jpg,1,20201105
469,CroppedImages/meteor/ukmon_20210930_000036_UK001L.jpg,1,20210930
470,CroppedImages/nonmeteor/bramon_20230126_044736_nonmeteor.jpg,0,20230126
471,CroppedImages/meteor/bramon_20200531_082145_J8_JLY.jpg,1,20200531
472,CroppedImages/meteor/bramon_20150512_071945_J8_MMI.jpg,1,20150512
473,CroppedImages/meteor/ukmon_20220831_000113_UK007B.jpg,1,20220831
474,CroppedImages/nonmeteor/bramon_20220329_223720_nonmeteor.jpg,0,20220329
475,CroppedImages/nonmeteor/bramon_20230106_071744_nonmeteor.jpg,0,20230106
476,CroppedImages/meteor/bramon_20190509_082122_J8_MMI.jpg,1,20190509
477,CroppedImages/nonmeteor/bramon_20220329_064700_nonmeteor.jpg,0,20220329
478,CroppedImages/nonmeteor/ukmon_20230318_234004_nonmeteor.jpg,0,20230318
479,CroppedImages/meteor/ukmon_20230117_003548_UK003Z.jpg,1,20230117
480,CroppedImages/nonmeteor/bramon_20210530_010920_nonmeteor.jpg,0,20210530
481,CroppedImages/meteor/bramon_20190507_081458_J8_ABO.jpg,1,20190507
482,CroppedImages/meteor/bramon_20180419_022321_J8_ABO.jpg,1,20180419
483,CroppedImages/nonmeteor/bramon_20210530_012836_nonmeteor.jpg,0,20210530
484,CroppedImages/nonmeteor/bramon_20220330_040710_nonmeteor.jpg,0,20220330
485,CroppedImages/meteor/boam_20170921_031750_MSO1.jpg,1,20170921
486,CroppedImages/meteor/bramon_20210508_013406_J8_ABO.jpg,1,20210508
487,CroppedImages/nonmeteor/bramon_20160215_015633_nonmeteor.jpg,0,20160215
488,CroppedImages/meteor/bramon_20200511_084212_J8_MMI.jpg,1,20200511
489,CroppedImages/nonmeteor/bramon_20230106_075529_nonmeteor.jpg,0,20230106
490,CroppedImages/meteor/bramon_20180520_072127_J8_MMI.jpg,1,20180520
491,CroppedImages/meteor/bramon_20200502_065446_J8_MMI.jpg,1,20200502
492,CroppedImages/meteor/bramon_20210629_033657_J8_JLY.jpg,1,20210629
493,CroppedImages/nonmeteor/bramon_20221213_055329_nonmeteor.jpg,0,20221213
494,CroppedImages/meteor/bramon_20200428_032401_J8_ABO.jpg,1,20200428
495,CroppedImages/nonmeteor/bramon_20220329_044539_nonmeteor.jpg,0,20220329
496,CroppedImages/nonmeteor/bramon_20230106_034721_nonmeteor.jpg,0,20230106
497,CroppedImages/meteor/boam_20210907_222303_FNM1.jpg,1,20210907
498,CroppedImages/nonmeteor/bramon_20230106_060426_nonmeteor.jpg,0,20230106
499,CroppedImages/nonmeteor/bramon_20160214_021230_nonmeteor.jpg,0,20160214
500,CroppedImages/nonmeteor/bramon_20220329_064409_nonmeteor.jpg,0,20220329
501,CroppedImages/nonmeteor/bramon_20211022_025732_nonmeteor.jpg,0,20211022
502,CroppedImages/nonmeteor/bramon_20220329_031310_nonmeteor.jpg,0,20220329
503,CroppedImages/meteor/bramon_20200609_081343_J8_MMI.jpg,1,20200609
504,CroppedImages/meteor/bramon_20180925_064714_J8_ZTA.jpg,1,20180925
505,CroppedImages/nonmeteor/bramon_20230319_083135_nonmeteor.jpg,0,20230319
506,CroppedImages/nonmeteor/bramon_20180719_223547_nonmeteor.jpg,0,20180719
507,CroppedImages/nonmeteor/bramon_20210601_010221_nonmeteor.jpg,0,20210601
508,CroppedImages/nonmeteor/bramon_20230106_054808_nonmeteor.jpg,0,20230106
509,CroppedImages/nonmeteor/bramon_20230126_023759_nonmeteor.jpg,0,20230126
510,CroppedImages/meteor/bramon_20190613_005818_J8_MMI.jpg,1,20190613
511,CroppedImages/nonmeteor/bramon_20220330_015456_nonmeteor.jpg,0,20220330
512,CroppedImages/nonmeteor/bramon_20210601_012005_nonmeteor.jpg,0,20210601
513,CroppedImages/nonmeteor/ukmon_20230318_234519_nonmeteor.jpg,0,20230318
514,CroppedImages/nonmeteor/bramon_20211022_024844_nonmeteor.jpg,0,20211022
515,CroppedImages/nonmeteor/bramon_20211022_005329_nonmeteor.jpg,0,20211022
516,CroppedImages/meteor/boam_20230212_011838_CHI37.jpg,1,20230212
517,CroppedImages/meteor/bramon_20180410_054610_J8_ABO.jpg,1,20180410
518,CroppedImages/nonmeteor/bramon_20210508_080714_nonmeteor.jpg,0,20210508
519,CroppedImages/nonmeteor/bramon_20211021_233812_nonmeteor.jpg,0,20211021
520,CroppedImages/meteor/bramon_20210930_062047_J8_FLY.jpg,1,20210930
521,CroppedImages/nonmeteor/bramon_20211022_022552_nonmeteor.jpg,0,20211022
522,CroppedImages/meteor/bramon_20180424_063227_J8_ABO.jpg,1,20180424
523,CroppedImages/nonmeteor/ukmon_20230318_233317_nonmeteor.jpg,0,20230318
524,CroppedImages/nonmeteor/bramon_20180716_093657_nonmeteor.jpg,0,20180716
525,CroppedImages/meteor/ukmon_20230122_014937_UK002Q.jpg,1,20230122
526,CroppedImages/nonmeteor/bramon_20221018_002712_nonmeteor.jpg,0,20221018
527,CroppedImages/nonmeteor/bramon_20220329_064632_nonmeteor.jpg,0,20220329
528,CroppedImages/meteor/ukmon_20230125_000701_UK001M.jpg,1,20230125
529,CroppedImages/nonmeteor/bramon_20211022_015301_nonmeteor.jpg,0,20211022
530,CroppedImages/meteor/bramon_20210629_080853_J8_DBA.jpg,1,20210629
531,CroppedImages/meteor/boam_20200323_231303_FNM1.jpg,1,20200323
532,CroppedImages/meteor/boam_20200106_054304_BOL.jpg,1,20200106
533,CroppedImages/nonmeteor/bramon_20230125_234014_nonmeteor.jpg,0,20230125
534,CroppedImages/nonmeteor/bramon_20230106_032929_nonmeteor.jpg,0,20230106
535,CroppedImages/meteor/boam_20210811_001114_LITIK2.jpg,1,20210811
536,CroppedImages/meteor/bramon_20170526_054802_J8_MMI.jpg,1,20170526
537,CroppedImages/nonmeteor/bramon_20210508_210649_nonmeteor.jpg,0,20210508
538,CroppedImages/meteor/bramon_20170709_063344_J8_JLY.jpg,1,20170709
539,CroppedImages/meteor/bramon_20190614_080341_J8_MMI.jpg,1,20190614
540,CroppedImages/meteor/bramon_20171103_070109_J8_ZTA.jpg,1,20171103
541,CroppedImages/nonmeteor/bramon_20211022_034104_nonmeteor.jpg,0,20211022
542,CroppedImages/meteor/bramon_20210523_050236_J8_MMI.jpg,1,20210523
543,CroppedImages/nonmeteor/bramon_20230125_234034_nonmeteor.jpg,0,20230125
544,CroppedImages/nonmeteor/bramon_20221213_073847_nonmeteor.jpg,0,20221213
545,CroppedImages/nonmeteor/bramon_20230106_044623_nonmeteor.jpg,0,20230106
546,CroppedImages/meteor/bramon_20160524_231450_J8_MMI.jpg,1,20160524
547,CroppedImages/meteor/bramon_20200618_055136_J8_DBA.jpg,1,20200618
548,CroppedImages/meteor/bramon_20201022_080019_J8_ZTA.jpg,1,20201022
549,CroppedImages/nonmeteor/ukmon_20230106_072054_nonmeteor.jpg,0,20230106
550,CroppedImages/meteor/ukmon_20210524_000135_UK0020.jpg,1,20210524
551,CroppedImages/nonmeteor/bramon_20221213_063200_nonmeteor.jpg,0,20221213
552,CroppedImages/nonmeteor/bramon_20201213_040402_nonmeteor.jpg,0,20201213
553,CroppedImages/nonmeteor/bramon_20210505_024702_nonmeteor.jpg,0,20210505
554,CroppedImages/meteor/bramon_20200120_054033_J8_AAN.jpg,1,20200120
555,CroppedImages/nonmeteor/bramon_20211022_030505_nonmeteor.jpg,0,20211022
556,CroppedImages/meteor/bramon_20210929_073413_J8_FLY.jpg,1,20210929
557,CroppedImages/meteor/bramon_20160428_050158_J8_MMI.jpg,1,20160428
558,CroppedImages/meteor/ukmon_20210208_024435_clanfield.jpg,1,20210208
559,CroppedImages/meteor/ukmon_20220311_001238_UK0034.jpg,1,20220311
560,CroppedImages/nonmeteor/bramon_20220329_003113_nonmeteor.jpg,0,20220329
561,CroppedImages/meteor/bramon_20180630_041813_J8_JLY.jpg,1,20180630
562,CroppedImages/meteor/bramon_20201120_070520_J8_GCM.jpg,1,20201120
563,CroppedImages/meteor/bramon_20150605_034010_J8_MMI.jpg,1,20150605
564,CroppedImages/meteor/bramon_20180511_035048_J8_ABO.jpg,1,20180511
565,CroppedImages/nonmeteor/bramon_20230106_041106_nonmeteor.jpg,0,20230106
566,CroppedImages/meteor/bramon_20170504_063200_J8_ABO.jpg,1,20170504
567,CroppedImages/meteor/ukmon_20220612_235957_UK005P.jpg,1,20220612
568,CroppedImages/meteor/boam_20201126_033235_LITIK1.jpg,1,20201126
569,CroppedImages/meteor/bramon_20180511_043642_J8_MMI.jpg,1,20180511
570,CroppedImages/meteor/bramon_20180612_041552_J8_MMI.jpg,1,20180612
571,CroppedImages/meteor/boam_20210225_012422_FNM1.jpg,1,20210225
572,CroppedImages/nonmeteor/bramon_20230319_000010_nonmeteor.jpg,0,20230319
573,CroppedImages/nonmeteor/bramon_20220329_081010_nonmeteor.jpg,0,20220329
574,CroppedImages/nonmeteor/ukmon_20230317_030121_nonmeteor.jpg,0,20230317
575,CroppedImages/nonmeteor/ukmon_20230319_020645_nonmeteor.jpg,0,20230319
576,CroppedImages/meteor/bramon_20200504_084647_J8_MMI.jpg,1,20200504
577,CroppedImages/meteor/bramon_20200518_060841_J8_MMI.jpg,1,20200518
578,CroppedImages/meteor/bramon_20210615_045442_J8_JLY.jpg,1,20210615
579,CroppedImages/meteor/boam_20210110_055419_LITIK1.jpg,1,20210110
580,CroppedImages/meteor/boam_20221104_051045_CHI37.jpg,1,20221104
581,CroppedImages/meteor/bramon_20210508_063703_J8_MMI.jpg,1,20210508
582,CroppedImages/meteor/boam_20201212_220046_FNM1.jpg,1,20201212
583,CroppedImages/nonmeteor/bramon_20210508_113151_nonmeteor.jpg,0,20210508
584,CroppedImages/nonmeteor/bramon_20210502_013016_nonmeteor.jpg,0,20210502
585,CroppedImages/meteor/boam_20200819_004711_LITIK2.jpg,1,20200819
586,CroppedImages/nonmeteor/bramon_20230108_083157_nonmeteor.jpg,0,20230108
587,CroppedImages/nonmeteor/bramon_20211022_005421_nonmeteor.jpg,0,20211022
588,CroppedImages/nonmeteor/bramon_20210508_210821_nonmeteor.jpg,0,20210508
589,CroppedImages/nonmeteor/bramon_20230106_033051_nonmeteor.jpg,0,20230106
590,CroppedImages/meteor/bramon_20190610_011508_J8_JLY.jpg,1,20190610
591,CroppedImages/meteor/bramon_20191122_061030_J8_GCM.jpg,1,20191122
592,CroppedImages/nonmeteor/bramon_20230106_051507_nonmeteor.jpg,0,20230106
593,CroppedImages/nonmeteor/bramon_20230106_034734_nonmeteor.jpg,0,20230106
594,CroppedImages/meteor/ukmon_20201110_042226_clanfield.jpg,1,20201110
595,CroppedImages/meteor/bramon_20210704_022023_J8_LOP.jpg,1,20210704
596,CroppedImages/meteor/bramon_20200613_072243_J8_MMI.jpg,1,20200613
597,CroppedImages/nonmeteor/ukmon_20230319_044407_nonmeteor.jpg,0,20230319
598,CroppedImages/meteor/ukmon_20220303_203917_UK003C.jpg,1,20220303
599,CroppedImages/nonmeteor/bramon_20210502_012638_nonmeteor.jpg,0,20210502
600,CroppedImages/meteor/boam_20210220_032440_FNM1.jpg,1,20210220
601,CroppedImages/meteor/bramon_20180520_081853_J8_MMI.jpg,1,20180520
602,CroppedImages/meteor/ukmon_20230122_020322_UK003B.jpg,1,20230122
603,CroppedImages/meteor/bramon_20210612_052750_J8_JLY.jpg,1,20210612
604,CroppedImages/nonmeteor/bramon_20230319_082843_nonmeteor.jpg,0,20230319
605,CroppedImages/nonmeteor/bramon_20230106_045814_nonmeteor.jpg,0,20230106
606,CroppedImages/meteor/bramon_20200504_064124_J8_MMI.jpg,1,20200504
607,CroppedImages/meteor/bramon_20210606_012539_J8_JLY.jpg,1,20210606
608,CroppedImages/meteor/bramon_20200929_042448_J8_ZTA.jpg,1,20200929
609,CroppedImages/meteor/ukmon_20220626_000117_UK000F.jpg,1,20220626
610,CroppedImages/nonmeteor/bramon_20210221_213806_nonmeteor.jpg,0,20210221
611,CroppedImages/nonmeteor/bramon_20211022_023403_nonmeteor.jpg,0,20211022
612,CroppedImages/meteor/bramon_20200516_070754_J8_MMI.jpg,1,20200516
613,CroppedImages/meteor/bramon_20171118_070816_J8_GCM.jpg,1,20171118
614,CroppedImages/meteor/ukmon_20200701_000342_clanfield.jpg,1,20200701
615,CroppedImages/nonmeteor/bramon_20210601_010053_nonmeteor.jpg,0,20210601
616,CroppedImages/nonmeteor/ukmon_20230317_041932_nonmeteor.jpg,0,20230317
617,CroppedImages/meteor/bramon_20180524_082820_J8_MMI.jpg,1,20180524
618,CroppedImages/nonmeteor/bramon_20220617_210749_nonmeteor.jpg,0,20220617
619,CroppedImages/meteor/bramon_20210502_071132_J8_MMI.jpg,1,20210502
620,CroppedImages/nonmeteor/bramon_20210513_015435_nonmeteor.jpg,0,20210513
621,CroppedImages/nonmeteor/bramon_20210502_013256_nonmeteor.jpg,0,20210502
622,CroppedImages/nonmeteor/bramon_20230106_035046_nonmeteor.jpg,0,20230106
623,CroppedImages/nonmeteor/bramon_20210508_132652_nonmeteor.jpg,0,20210508
624,CroppedImages/nonmeteor/bramon_20220329_064411_nonmeteor.jpg,0,20220329
625,CroppedImages/meteor/ukmon_20230315_000545_UK003M.jpg,1,20230315
626,CroppedImages/meteor/bramon_20171017_032712_J8_ZTA.jpg,1,20171017
627,CroppedImages/meteor/bramon_20210603_050525_J8_MMI.jpg,1,20210603
628,CroppedImages/nonmeteor/bramon_20210108_070302_nonmeteor.jpg,0,20210108
629,CroppedImages/nonmeteor/bramon_20210530_045112_nonmeteor.jpg,0,20210530
630,CroppedImages/nonmeteor/bramon_20230106_041843_nonmeteor.jpg,0,20230106
631,CroppedImages/nonmeteor/bramon_20210601_010259_nonmeteor.jpg,0,20210601
632,CroppedImages/meteor/bramon_20200526_081631_J8_MMI.jpg,1,20200526
633,CroppedImages/meteor/bramon_20171017_063906_J8_ZTA.jpg,1,20171017
634,CroppedImages/nonmeteor/bramon_20230125_021822_nonmeteor.jpg,0,20230125
635,CroppedImages/meteor/bramon_20170408_014027_J8_ABO.jpg,1,20170408
636,CroppedImages/meteor/bramon_20171017_052232_J8_ZTA.jpg,1,20171017
637,CroppedImages/meteor/bramon_20171123_002603_J8_GCM.jpg,1,20171123
638,CroppedImages/nonmeteor/bramon_20210503_010529_nonmeteor.jpg,0,20210503
639,CroppedImages/meteor/boam_20200814_232622_LITIK1.jpg,1,20200814
640,CroppedImages/meteor/ukmon_20200204_001442.jpg,1,20200204
641,CroppedImages/meteor/bramon_20210620_081434_J8_JLY.jpg,1,20210620
642,CroppedImages/meteor/bramon_20210930_075910_J8_ZTA.jpg,1,20210930
643,CroppedImages/meteor/bramon_20181213_050010_spo.jpg,1,20181213
644,CroppedImages/meteor/bramon_20170429_080015_J8_MMI.jpg,1,20170429
645,CroppedImages/meteor/bramon_20200612_042316_J8_MMI.jpg,1,20200612
646,CroppedImages/meteor/boam_20190131_051600_MSO1.jpg,1,20190131
647,CroppedImages/nonmeteor/bramon_20230106_044953_nonmeteor.jpg,0,20230106
648,CroppedImages/meteor/ukmon_20200829_032454_lockyer1.jpg,1,20200829
649,CroppedImages/meteor/bramon_20200530_060127_J8_MMI.jpg,1,20200530
650,CroppedImages/meteor/ukmon_20200217_002400.jpg,1,20200217
651,CroppedImages/nonmeteor/bramon_20221213_061212_nonmeteor.jpg,0,20221213
652,CroppedImages/meteor/bramon_20180924_045504_J8_ZTA.jpg,1,20180924
653,CroppedImages/nonmeteor/bramon_20220329_233329_nonmeteor.jpg,0,20220329
654,CroppedImages/nonmeteor/ukmon_20230319_043514_nonmeteor.jpg,0,20230319
655,CroppedImages/nonmeteor/bramon_20200108_015732_nonmeteor.jpg,0,20200108
656,CroppedImages/nonmeteor/bramon_20220330_015235_nonmeteor.jpg,0,20220330
657,CroppedImages/nonmeteor/bramon_20230319_002259_nonmeteor.jpg,0,20230319
658,CroppedImages/nonmeteor/bramon_20210503_004956_nonmeteor.jpg,0,20210503
659,CroppedImages/nonmeteor/bramon_20211022_000123_nonmeteor.jpg,0,20211022
660,CroppedImages/meteor/bramon_20200427_064901_J8_ABO.jpg,1,20200427
661,CroppedImages/meteor/bramon_20200504_035111_J8_ABO.jpg,1,20200504
662,CroppedImages/nonmeteor/ukmon_20230310_221737_nonmeteor.jpg,0,20230310
663,CroppedImages/meteor/ukmon_20221213_235956_UK0066.jpg,1,20221213
664,CroppedImages/meteor/ukmon_20210622_222358_UK000F.jpg,1,20210622
665,CroppedImages/nonmeteor/bramon_20220329_044724_nonmeteor.jpg,0,20220329
666,CroppedImages/nonmeteor/bramon_20210508_183700_nonmeteor.jpg,0,20210508
667,CroppedImages/meteor/ukmon_20210516_211554_UK000T.jpg,1,20210516
668,CroppedImages/nonmeteor/bramon_20210530_011637_nonmeteor.jpg,0,20210530
669,CroppedImages/meteor/boam_20200729_020028_LITIK2.jpg,1,20200729
670,CroppedImages/nonmeteor/bramon_20221018_005713_nonmeteor.jpg,0,20221018
671,CroppedImages/meteor/ukmon_20220301_001300_UK0052.jpg,1,20220301
672,CroppedImages/nonmeteor/bramon_20230127_074745_nonmeteor.jpg,0,20230127
673,CroppedImages/nonmeteor/bramon_20210508_194929_nonmeteor.jpg,0,20210508
674,CroppedImages/nonmeteor/bramon_20230318_222808_nonmeteor.jpg,0,20230318
675,CroppedImages/meteor/bramon_20210407_075354_J8_ABO.jpg,1,20210407
676,CroppedImages/meteor/ukmon_20210520_000804_UK0026.jpg,1,20210520
677,CroppedImages/nonmeteor/bramon_20220329_044559_nonmeteor.jpg,0,20220329
678,CroppedImages/meteor/bramon_20180426_011937_J8_ABO.jpg,1,20180426
679,CroppedImages/nonmeteor/bramon_20210601_005242_nonmeteor.jpg,0,20210601
680,CroppedImages/nonmeteor/bramon_20221213_062421_nonmeteor.jpg,0,20221213
681,CroppedImages/nonmeteor/bramon_20211022_003104_nonmeteor.jpg,0,20211022
682,CroppedImages/nonmeteor/bramon_20230106_053510_nonmeteor.jpg,0,20230106
683,CroppedImages/meteor/bramon_20210219_045357_J8_AAN.jpg,1,20210219
684,CroppedImages/meteor/ukmon_20230306_034818_UK007A.jpg,1,20230306
685,CroppedImages/nonmeteor/bramon_20220330_040745_nonmeteor.jpg,0,20220330
686,CroppedImages/meteor/bramon_20181022_042246_J8_ZTA.jpg,1,20181022
687,CroppedImages/nonmeteor/bramon_20220818_071024_nonmeteor.jpg,0,20220818
688,CroppedImages/nonmeteor/bramon_20221213_054608_nonmeteor.jpg,0,20221213
689,CroppedImages/meteor/bramon_20171022_043504_J8_FLY.jpg,1,20171022
690,CroppedImages/meteor/bramon_20200528_025406_J8_MMI.jpg,1,20200528
691,CroppedImages/meteor/bramon_20210703_042318_J8_JLY.jpg,1,20210703
692,CroppedImages/nonmeteor/bramon_20230126_044656_nonmeteor.jpg,0,20230126
693,CroppedImages/nonmeteor/bramon_20211022_002942_nonmeteor.jpg,0,20211022
694,CroppedImages/meteor/bramon_20211027_064839_J8_SOR.jpg,1,20211027
695,CroppedImages/meteor/bramon_20200423_073343_J8_MMI.jpg,1,20200423
696,CroppedImages/meteor/bramon_20201026_050429_J8_ZTA.jpg,1,20201026
697,CroppedImages/nonmeteor/bramon_20180719_231053_nonmeteor.jpg,0,20180719
698,CroppedImages/nonmeteor/bramon_20230106_050848_nonmeteor.jpg,0,20230106
699,CroppedImages/meteor/bramon_20210628_062431_J8_DBA.jpg,1,20210628
700,CroppedImages/meteor/bramon_20170429_012050_J8_MMI.jpg,1,20170429
701,CroppedImages/meteor/boam_20200120_010137_BOL.jpg,1,20200120
702,CroppedImages/nonmeteor/ukmon_20230318_235523_nonmeteor.jpg,0,20230318
703,CroppedImages/meteor/ukmon_20211201_011025_UK0006.jpg,1,20211201
704,CroppedImages/meteor/bramon_20180508_085416_J8_MMI.jpg,1,20180508
705,CroppedImages/meteor/bramon_20210403_043059_J8_ABO.jpg,1,20210403
706,CroppedImages/meteor/bramon_20210501_062136_J8_MMI.jpg,1,20210501
707,CroppedImages/meteor/bramon_20200528_040608_J8_MMI.jpg,1,20200528
708,CroppedImages/meteor/bramon_20210503_014331_J8_ABO.jpg,1,20210503
709,CroppedImages/meteor/bramon_20181213_013305_J8_DPC.jpg,1,20181213
710,CroppedImages/nonmeteor/bramon_20230106_065830_nonmeteor.jpg,0,20230106
711,CroppedImages/meteor/boam_20220808_202522_CHI37.jpg,1,20220808
712,CroppedImages/nonmeteor/bramon_20230106_051042_nonmeteor.jpg,0,20230106
713,CroppedImages/meteor/boam_20210524_012859_LITIK1.jpg,1,20210524
714,CroppedImages/nonmeteor/bramon_20160215_041127_nonmeteor.jpg,0,20160215
715,CroppedImages/nonmeteor/bramon_20210531_233612_nonmeteor.jpg,0,20210531
716,CroppedImages/meteor/bramon_20180429_012702_J8_ABO.jpg,1,20180429
717,CroppedImages/nonmeteor/bramon_20210601_025954_nonmeteor.jpg,0,20210601
718,CroppedImages/nonmeteor/bramon_20211021_233751_nonmeteor.jpg,0,20211021
719,CroppedImages/nonmeteor/bramon_20220904_000813_nonmeteor.jpg,0,20220904
720,CroppedImages/nonmeteor/bramon_20230106_073311_nonmeteor.jpg,0,20230106
721,CroppedImages/nonmeteor/bramon_20211022_012346_nonmeteor.jpg,0,20211022
722,CroppedImages/meteor/boam_20170921_031553_CHI37.jpg,1,20170921
723,CroppedImages/nonmeteor/bramon_20230128_012727_nonmeteor.jpg,0,20230128
724,CroppedImages/meteor/bramon_20180520_063125_J8_MMI.jpg,1,20180520
725,CroppedImages/meteor/ukmon_20200703_000316_clanfield.jpg,1,20200703
726,CroppedImages/meteor/bramon_20190609_024952_J8_JLY.jpg,1,20190609
727,CroppedImages/nonmeteor/bramon_20211022_002857_nonmeteor.jpg,0,20211022
728,CroppedImages/nonmeteor/bramon_20211022_020533_nonmeteor.jpg,0,20211022
729,CroppedImages/meteor/boam_20200105_045051_LITIK2.jpg,1,20200105
730,CroppedImages/meteor/boam_20230210_004829_CHI37.jpg,1,20230210
731,CroppedImages/meteor/ukmon_20230117_003551_UK003E.jpg,1,20230117
732,CroppedImages/meteor/bramon_20210530_050125_J8_LOP.jpg,1,20210530
733,CroppedImages/nonmeteor/bramon_20210508_192935_nonmeteor.jpg,0,20210508
734,CroppedImages/meteor/boam_20200811_211635_BOL.jpg,1,20200811
735,CroppedImages/meteor/bramon_20210505_034306_J8_MMI.jpg,1,20210505
736,CroppedImages/meteor/bramon_20200509_060235_J8_MMI.jpg,1,20200509
737,CroppedImages/nonmeteor/bramon_20180716_093820_nonmeteor.jpg,0,20180716
738,CroppedImages/nonmeteor/bramon_20220329_044536_nonmeteor.jpg,0,20220329
739,CroppedImages/meteor/bramon_20200527_044824_J8_MMI.jpg,1,20200527
740,CroppedImages/meteor/boam_20220812_235227_CHI37.jpg,1,20220812
741,CroppedImages/meteor/bramon_20211021_071406_J8_ZTA.jpg,1,20211021
742,CroppedImages/nonmeteor/bramon_20230106_074027_nonmeteor.jpg,0,20230106
743,CroppedImages/meteor/ukmon_20211128_235955_UK004P.jpg,1,20211128
744,CroppedImages/nonmeteor/bramon_20230106_055015_nonmeteor.jpg,0,20230106
745,CroppedImages/meteor/ukmon_20220831_000111_UK006D.jpg,1,20220831
746,CroppedImages/meteor/boam_20210725_015945_LITIK1.jpg,1,20210725
747,CroppedImages/nonmeteor/bramon_20220617_210815_nonmeteor.jpg,0,20220617
748,CroppedImages/meteor/ukmon_20230205_042550_UK007G.jpg,1,20230205
749,CroppedImages/nonmeteor/bramon_20220329_223814_nonmeteor.jpg,0,20220329
750,CroppedImages/meteor/boam_20210815_000131_Chaligny.jpg,1,20210815
751,CroppedImages/nonmeteor/bramon_20220330_015520_nonmeteor.jpg,0,20220330
752,CroppedImages/nonmeteor/bramon_20230128_094832_nonmeteor.jpg,0,20230128
753,CroppedImages/nonmeteor/bramon_20210508_200139_nonmeteor.jpg,0,20210508
754,CroppedImages/meteor/bramon_20200925_060745_J8_FLY.jpg,1,20200925
755,CroppedImages/meteor/ukmon_20200729_012725_lockyer1.jpg,1,20200729
756,CroppedImages/meteor/bramon_20200612_044050_J8_JLY.jpg,1,20200612
757,CroppedImages/meteor/bramon_20201129_043840_J8_GCM.jpg,1,20201129
758,CroppedImages/nonmeteor/ukmon_20230310_222832_nonmeteor.jpg,0,20230310
759,CroppedImages/meteor/bramon_20180217_062208_J8_AAN.jpg,1,20180217
760,CroppedImages/meteor/bramon_20181112_024618_J8_DPC.jpg,1,20181112
761,CroppedImages/nonmeteor/ukmon_20230310_233343_nonmeteor.jpg,0,20230310
762,CroppedImages/meteor/bramon_20200515_085158_J8_MMI.jpg,1,20200515
763,CroppedImages/meteor/bramon_20190508_032421_J8_MMI.jpg,1,20190508
764,CroppedImages/nonmeteor/bramon_20210508_213147_nonmeteor.jpg,0,20210508
765,CroppedImages/meteor/bramon_20191021_014105_J8_ZTA.jpg,1,20191021
766,CroppedImages/nonmeteor/bramon_20211022_005317_nonmeteor.jpg,0,20211022
767,CroppedImages/nonmeteor/bramon_20230106_040833_nonmeteor.jpg,0,20230106
768,CroppedImages/nonmeteor/bramon_20230106_193416_nonmeteor.jpg,0,20230106
769,CroppedImages/nonmeteor/bramon_20211022_023337_nonmeteor.jpg,0,20211022
770,CroppedImages/meteor/ukmon_20201202_220036_chard.jpg,1,20201202
771,CroppedImages/meteor/bramon_20180502_014620_J8_ABO.jpg,1,20180502
772,CroppedImages/nonmeteor/bramon_20160214_025522_nonmeteor.jpg,0,20160214
773,CroppedImages/meteor/ukmon_20201116_000128_eastbarnet.jpg,1,20201116
774,CroppedImages/nonmeteor/bramon_20220329_223745_nonmeteor.jpg,0,20220329
775,CroppedImages/nonmeteor/bramon_20211022_031203_nonmeteor.jpg,0,20211022
776,CroppedImages/meteor/boam_20211106_025206_CHI37.jpg,1,20211106
777,CroppedImages/meteor/ukmon_20210117_004733_clanfield.jpg,1,20210117
778,CroppedImages/meteor/bramon_20180611_220853_J8_MMI.jpg,1,20180611
779,CroppedImages/nonmeteor/bramon_20230318_235737_nonmeteor.jpg,0,20230318
780,CroppedImages/nonmeteor/bramon_20160215_064915_nonmeteor.jpg,0,20160215
781,CroppedImages/meteor/bramon_20210614_014030_J8_LOP.jpg,1,20210614
782,CroppedImages/meteor/bramon_20200529_063504_J8_MMI.jpg,1,20200529
783,CroppedImages/nonmeteor/bramon_20230126_044705_nonmeteor.jpg,0,20230126
784,CroppedImages/nonmeteor/bramon_20180716_091450_nonmeteor.jpg,0,20180716
785,CroppedImages/meteor/bramon_20160930_072423_J8_ZTA.jpg,1,20160930
786,CroppedImages/meteor/ukmon_20220523_000516_UK005K.jpg,1,20220523
787,CroppedImages/meteor/boam_20210812_230206_LITIK2.jpg,1,20210812
788,CroppedImages/meteor/boam_20200909_035210_BOL.jpg,1,20200909
789,CroppedImages/nonmeteor/bramon_20211022_000151_nonmeteor.jpg,0,20211022
790,CroppedImages/nonmeteor/bramon_20210530_000600_nonmeteor.jpg,0,20210530
791,CroppedImages/meteor/bramon_20190127_080945_J8_AAN.jpg,1,20190127
792,CroppedImages/nonmeteor/bramon_20230106_054913_nonmeteor.jpg,0,20230106
793,CroppedImages/nonmeteor/ukmon_20230318_235719_nonmeteor.jpg,0,20230318
794,CroppedImages/meteor/bramon_20160525_024350_J8_JLY.jpg,1,20160525
795,CroppedImages/meteor/bramon_20181220_063203_spo.jpg,1,20181220
796,CroppedImages/meteor/boam_20210929_225038_Chaligny.jpg,1,20210929
797,CroppedImages/meteor/bramon_20161108_070524_J8_FLY.jpg,1,20161108
798,CroppedImages/nonmeteor/bramon_20210508_125715_nonmeteor.jpg,0,20210508
799,CroppedImages/nonmeteor/bramon_20201213_040201_nonmeteor.jpg,0,20201213
800,CroppedImages/meteor/boam_20200727_204920_LITIK2.jpg,1,20200727
801,CroppedImages/meteor/bramon_20210702_075822_J8_DBA.jpg,1,20210702
802,CroppedImages/meteor/bramon_20170710_022508_J8_JLY.jpg,1,20170710
803,CroppedImages/meteor/bramon_20180601_051120_J8_MMI.jpg,1,20180601
804,CroppedImages/meteor/bramon_20210502_225159_J8_ABO.jpg,1,20210502
805,CroppedImages/meteor/ukmon_20220630_000207_UK0024.jpg,1,20220630
806,CroppedImages/nonmeteor/bramon_20221213_064028_nonmeteor.jpg,0,20221213
807,CroppedImages/meteor/bramon_20200625_055047_J8_DBA.jpg,1,20200625
808,CroppedImages/nonmeteor/bramon_20220329_031226_nonmeteor.jpg,0,20220329
809,CroppedImages/meteor/bramon_20210222_005956_J8_AAN.jpg,1,20210222
810,CroppedImages/nonmeteor/bramon_20211022_031214_nonmeteor.jpg,0,20211022
811,CroppedImages/nonmeteor/bramon_20230224_084459_nonmeteor.jpg,0,20230224
812,CroppedImages/meteor/ukmon_20230219_031635_UK006G.jpg,1,20230219
813,CroppedImages/meteor/bramon_20200528_002123_J8_MMI.jpg,1,20200528
814,CroppedImages/nonmeteor/ukmon_20230318_233002_nonmeteor.jpg,0,20230318
815,CroppedImages/meteor/boam_20210420_213643_LITIK1.jpg,1,20210420
816,CroppedImages/meteor/bramon_20210606_045409_J8_MMI.jpg,1,20210606
817,CroppedImages/meteor/ukmon_20200909_000837_blackfield.jpg,1,20200909
818,CroppedImages/meteor/ukmon_20210319_234040_blackfield.jpg,1,20210319
819,CroppedImages/meteor/bramon_20200204_061737_J8_AAN.jpg,1,20200204
820,CroppedImages/meteor/bramon_20170424_065502_J8_MMI.jpg,1,20170424
821,CroppedImages/meteor/bramon_20201106_053221_J8_FLY.jpg,1,20201106
822,CroppedImages/nonmeteor/bramon_20220330_015201_nonmeteor.jpg,0,20220330
823,CroppedImages/meteor/bramon_20190425_024249_J8_MMI.jpg,1,20190425
824,CroppedImages/meteor/bramon_20200601_051852_J8_MMI.jpg,1,20200601
825,CroppedImages/meteor/boam_20200904_200922_LITIK2.jpg,1,20200904
826,CroppedImages/nonmeteor/bramon_20210508_130302_nonmeteor.jpg,0,20210508
827,CroppedImages/meteor/boam_20200918_001316_LITIK2.jpg,1,20200918
828,CroppedImages/nonmeteor/bramon_20220827_090028_nonmeteor.jpg,0,20220827
829,CroppedImages/nonmeteor/bramon_20221213_063020_nonmeteor.jpg,0,20221213
830,CroppedImages/nonmeteor/bramon_20211022_010812_nonmeteor.jpg,0,20211022
831,CroppedImages/meteor/bramon_20200508_034937_J8_ABO.jpg,1,20200508
832,CroppedImages/meteor/ukmon_20201124_175702_ringwood.jpg,1,20201124
833,CroppedImages/meteor/bramon_20211025_073158_J8_ZTA.jpg,1,20211025
834,CroppedImages/meteor/boam_20200815_015357_LITIK2.jpg,1,20200815
835,CroppedImages/nonmeteor/bramon_20230127_011936_nonmeteor.jpg,0,20230127
836,CroppedImages/meteor/bramon_20200425_065422_J8_MMI.jpg,1,20200425
837,CroppedImages/nonmeteor/bramon_20160214_065819_nonmeteor.jpg,0,20160214
838,CroppedImages/meteor/bramon_20200927_032406_J8_ZTA.jpg,1,20200927
839,CroppedImages/meteor/bramon_20220625_060846_J8_LOP.jpg,1,20220625
840,CroppedImages/nonmeteor/bramon_20230106_044504_nonmeteor.jpg,0,20230106
841,CroppedImages/nonmeteor/ukmon_20230315_021149_nonmeteor.jpg,0,20230315
842,CroppedImages/meteor/bramon_20190502_055809_J8_MMI.jpg,1,20190502
843,CroppedImages/meteor/bramon_20200529_042411_J8_MMI.jpg,1,20200529
844,CroppedImages/nonmeteor/bramon_20211022_010829_nonmeteor.jpg,0,20211022
845,CroppedImages/meteor/boam_20200120_234218_LITIK1.jpg,1,20200120
846,CroppedImages/meteor/bramon_20200524_050646_J8_MMI.jpg,1,20200524
847,CroppedImages/meteor/bramon_20200508_032151_J8_MMI.jpg,1,20200508
848,CroppedImages/meteor/bramon_20160625_025505_J8_JLY.jpg,1,20160625
849,CroppedImages/nonmeteor/ukmon_20230312_044957_nonmeteor.jpg,0,20230312
850,CroppedImages/meteor/bramon_20150608_071709_J8_JLY.jpg,1,20150608
851,CroppedImages/meteor/bramon_20201013_065513_J8_FLY.jpg,1,20201013
852,CroppedImages/nonmeteor/bramon_20230127_034524_nonmeteor.jpg,0,20230127
853,CroppedImages/meteor/bramon_20210501_005740_J8_ABO.jpg,1,20210501
854,CroppedImages/nonmeteor/bramon_20221213_060742_nonmeteor.jpg,0,20221213
855,CroppedImages/meteor/bramon_20200601_052556_J8_MMI.jpg,1,20200601
856,CroppedImages/meteor/boam_20230221_004922_Chaligny.jpg,1,20230221
857,CroppedImages/nonmeteor/ukmon_20230312_051610_nonmeteor.jpg,0,20230312
858,CroppedImages/nonmeteor/bramon_20230127_074844_nonmeteor.jpg,0,20230127
859,CroppedImages/nonmeteor/bramon_20211022_014043_nonmeteor.jpg,0,20211022
860,CroppedImages/meteor/bramon_20181215_041832_spo.jpg,1,20181215
861,CroppedImages/meteor/bramon_20190524_035801_J8_MMI.jpg,1,20190524
862,CroppedImages/meteor/bramon_20190411_070016_J8_ABO.jpg,1,20190411
863,CroppedImages/meteor/bramon_20210615_061712_J8_LOP.jpg,1,20210615
864,CroppedImages/meteor/ukmon_20230117_222351_UK007Q.jpg,1,20230117
865,CroppedImages/nonmeteor/bramon_20230106_034354_nonmeteor.jpg,0,20230106
866,CroppedImages/nonmeteor/bramon_20210530_221031_nonmeteor.jpg,0,20210530
867,CroppedImages/meteor/bramon_20210609_074851_J8_MMI.jpg,1,20210609
868,CroppedImages/nonmeteor/bramon_20221213_080100_nonmeteor.jpg,0,20221213
869,CroppedImages/meteor/bramon_20201020_071620_J8_ZTA.jpg,1,20201020
870,CroppedImages/nonmeteor/bramon_20210508_172311_nonmeteor.jpg,0,20210508
871,CroppedImages/nonmeteor/bramon_20230318_235317_nonmeteor.jpg,0,20230318
872,CroppedImages/meteor/boam_20200907_192552_LITIK2.jpg,1,20200907
873,CroppedImages/meteor/bramon_20210424_063247_J8_MMI.jpg,1,20210424
874,CroppedImages/nonmeteor/bramon_20211022_023410_nonmeteor.jpg,0,20211022
875,CroppedImages/nonmeteor/bramon_20230319_000238_nonmeteor.jpg,0,20230319
876,CroppedImages/nonmeteor/ukmon_20230318_233107_nonmeteor.jpg,0,20230318
877,CroppedImages/nonmeteor/bramon_20211022_021631_nonmeteor.jpg,0,20211022
878,CroppedImages/meteor/bramon_20210910_040526_J8_SOR.jpg,1,20210910
879,CroppedImages/nonmeteor/bramon_20221017_010405_nonmeteor.jpg,0,20221017
880,CroppedImages/meteor/bramon_20190613_033622_J8_JLY.jpg,1,20190613
881,CroppedImages/nonmeteor/bramon_20160215_041645_nonmeteor.jpg,0,20160215
882,CroppedImages/nonmeteor/bramon_20221213_055406_nonmeteor.jpg,0,20221213
883,CroppedImages/nonmeteor/ukmon_20230316_193300_nonmeteor.jpg,0,20230316
884,CroppedImages/nonmeteor/bramon_20230318_222545_nonmeteor.jpg,0,20230318
885,CroppedImages/meteor/boam_20200414_224633_LITIK1.jpg,1,20200414
886,CroppedImages/meteor/bramon_20170408_022602_J8_ABO.jpg,1,20170408
887,CroppedImages/nonmeteor/bramon_20221213_055856_nonmeteor.jpg,0,20221213
888,CroppedImages/meteor/bramon_20170524_082234_J8_MMI.jpg,1,20170524
889,CroppedImages/meteor/bramon_20210411_083330_J8_ABO.jpg,1,20210411
890,CroppedImages/meteor/bramon_20171009_025536_J8_ZTA.jpg,1,20171009
891,CroppedImages/nonmeteor/bramon_20230128_012845_nonmeteor.jpg,0,20230128
892,CroppedImages/nonmeteor/bramon_20230126_064207_nonmeteor.jpg,0,20230126
893,CroppedImages/meteor/bramon_20210525_081559_J8_MMI.jpg,1,20210525
894,CroppedImages/meteor/boam_20201120_052902_LITIK2.jpg,1,20201120
895,CroppedImages/meteor/bramon_20150501_031226_J8_ABO.jpg,1,20150501
896,CroppedImages/meteor/bramon_20181113_034036_J8_DPC.jpg,1,20181113
897,CroppedImages/nonmeteor/bramon_20230126_232543_nonmeteor.jpg,0,20230126
898,CroppedImages/nonmeteor/ukmon_20230315_223403_nonmeteor.jpg,0,20230315
899,CroppedImages/nonmeteor/bramon_20220329_080909_nonmeteor.jpg,0,20220329
900,CroppedImages/meteor/bramon_20170523_012605_J8_JLY.jpg,1,20170523
901,CroppedImages/nonmeteor/ukmon_20230318_233540_nonmeteor.jpg,0,20230318
902,CroppedImages/meteor/ukmon_20220101_030733_UK0042.jpg,1,20220101
903,CroppedImages/nonmeteor/bramon_20180719_230512_nonmeteor.jpg,0,20180719
904,CroppedImages/meteor/bramon_20180415_064850_J8_ABO.jpg,1,20180415
905,CroppedImages/meteor/boam_20200117_004920_BOL.jpg,1,20200117
906,CroppedImages/meteor/bramon_20210218_233133_J8_AAN.jpg,1,20210218
907,CroppedImages/meteor/bramon_20191025_041246_J8_ZTA.jpg,1,20191025
908,CroppedImages/nonmeteor/bramon_20211022_015233_nonmeteor.jpg,0,20211022
909,CroppedImages/nonmeteor/bramon_20160215_071639_nonmeteor.jpg,0,20160215
910,CroppedImages/meteor/boam_20200808_201351_BOL.jpg,1,20200808
911,CroppedImages/meteor/bramon_20210709_050210_J8_JLY.jpg,1,20210709
912,CroppedImages/meteor/bramon_20210610_051446_J8_MMI.jpg,1,20210610
913,CroppedImages/nonmeteor/bramon_20230218_014933_nonmeteor.jpg,0,20230218
914,CroppedImages/nonmeteor/bramon_20211021_233956_nonmeteor.jpg,0,20211021
915,CroppedImages/nonmeteor/bramon_20230319_001928_nonmeteor.jpg,0,20230319
916,CroppedImages/meteor/bramon_20210719_082431_J8_DBA.jpg,1,20210719
917,CroppedImages/meteor/ukmon_20230122_014937_UK000H.jpg,1,20230122
918,CroppedImages/nonmeteor/bramon_20220329_044623_nonmeteor.jpg,0,20220329
919,CroppedImages/meteor/ukmon_20220101_030728_UK004M.jpg,1,20220101
920,CroppedImages/nonmeteor/bramon_20220617_211006_nonmeteor.jpg,0,20220617
921,CroppedImages/nonmeteor/bramon_20230318_235140_nonmeteor.jpg,0,20230318
922,CroppedImages/nonmeteor/bramon_20210508_130903_nonmeteor.jpg,0,20210508
923,CroppedImages/nonmeteor/bramon_20221213_064816_nonmeteor.jpg,0,20221213
924,CroppedImages/nonmeteor/bramon_20230319_075749_nonmeteor.jpg,0,20230319
925,CroppedImages/nonmeteor/ukmon_20230316_193128_nonmeteor.jpg,0,20230316
926,CroppedImages/nonmeteor/bramon_20210508_080617_nonmeteor.jpg,0,20210508
927,CroppedImages/nonmeteor/bramon_20220329_013559_nonmeteor.jpg,0,20220329
928,CroppedImages/meteor/bramon_20190603_062600_J8_MMI.jpg,1,20190603
929,CroppedImages/nonmeteor/bramon_20220329_233217_nonmeteor.jpg,0,20220329
930,CroppedImages/nonmeteor/bramon_20210601_010212_nonmeteor.jpg,0,20210601
931,CroppedImages/nonmeteor/ukmon_20230315_221353_nonmeteor.jpg,0,20230315
932,CroppedImages/nonmeteor/bramon_20220330_015422_nonmeteor.jpg,0,20220330
933,CroppedImages/meteor/bramon_20210606_063112_J8_MMI.jpg,1,20210606
934,CroppedImages/meteor/bramon_20200502_070315_J8_MMI.jpg,1,20200502
935,CroppedImages/nonmeteor/bramon_20210508_083108_nonmeteor.jpg,0,20210508
936,CroppedImages/nonmeteor/bramon_20210508_194333_nonmeteor.jpg,0,20210508
937,CroppedImages/meteor/bramon_20181130_223836_J8_GCM.jpg,1,20181130
938,CroppedImages/meteor/boam_20180814_015845_LITIK2.jpg,1,20180814
939,CroppedImages/nonmeteor/bramon_20211022_021619_nonmeteor.jpg,0,20211022
940,CroppedImages/nonmeteor/bramon_20221210_232528_nonmeteor.jpg,0,20221210
941,CroppedImages/nonmeteor/bramon_20220329_223636_nonmeteor.jpg,0,20220329
942,CroppedImages/meteor/bramon_20210521_055507_J8_MMI.jpg,1,20210521
943,CroppedImages/meteor/bramon_20210429_071407_J8_ABO.jpg,1,20210429
944,CroppedImages/meteor/boam_20210814_232717_LITIK1.jpg,1,20210814
945,CroppedImages/meteor/bramon_20210403_235232_J8_ABO.jpg,1,20210403
946,CroppedImages/nonmeteor/bramon_20211022_024056_nonmeteor.jpg,0,20211022
947,CroppedImages/nonmeteor/ukmon_20230312_034817_nonmeteor.jpg,0,20230312
948,CroppedImages/nonmeteor/bramon_20221213_065627_nonmeteor.jpg,0,20221213
949,CroppedImages/meteor/bramon_20170517_061445_J8_MMI.jpg,1,20170517
950,CroppedImages/nonmeteor/bramon_20160215_014425_nonmeteor.jpg,0,20160215
951,CroppedImages/meteor/bramon_20180510_075501_J8_MMI.jpg,1,20180510
952,CroppedImages/nonmeteor/ukmon_20230319_023236_nonmeteor.jpg,0,20230319
953,CroppedImages/nonmeteor/ukmon_20230317_030108_nonmeteor.jpg,0,20230317
954,CroppedImages/nonmeteor/bramon_20210508_085426_nonmeteor.jpg,0,20210508
955,CroppedImages/nonmeteor/bramon_20220329_233255_nonmeteor.jpg,0,20220329
956,CroppedImages/nonmeteor/bramon_20210508_154700_nonmeteor.jpg,0,20210508
957,CroppedImages/meteor/bramon_20160424_081118_J8_MMI.jpg,1,20160424
958,CroppedImages/meteor/bramon_20210424_081000_J8_MMI.jpg,1,20210424
959,CroppedImages/nonmeteor/ukmon_20230319_012930_nonmeteor.jpg,0,20230319
960,CroppedImages/meteor/boam_20220904_024050_CHI37.jpg,1,20220904
961,CroppedImages/meteor/bramon_20200620_060521_J8_JLY.jpg,1,20200620
962,CroppedImages/nonmeteor/bramon_20230318_222435_nonmeteor.jpg,0,20230318
963,CroppedImages/nonmeteor/bramon_20211022_025704_nonmeteor.jpg,0,20211022
964,CroppedImages/meteor/boam_20210423_035253_FNM1.jpg,1,20210423
965,CroppedImages/nonmeteor/ukmon_20230310_221453_nonmeteor.jpg,0,20230310
966,CroppedImages/meteor/bramon_20210118_073850_J8_AAN.jpg,1,20210118
967,CroppedImages/meteor/bramon_20170221_065824_J8_AAN.jpg,1,20170221
968,CroppedImages/meteor/bramon_20190916_072003_J8_ZTA.jpg,1,20190916
969,CroppedImages/nonmeteor/bramon_20221213_063206_nonmeteor.jpg,0,20221213
970,CroppedImages/nonmeteor/bramon_20221213_064430_nonmeteor.jpg,0,20221213
971,CroppedImages/nonmeteor/bramon_20210502_013458_nonmeteor.jpg,0,20210502
972,CroppedImages/nonmeteor/bramon_20210508_083041_nonmeteor.jpg,0,20210508
973,CroppedImages/meteor/bramon_20181122_062423_J8_GCM.jpg,1,20181122
974,CroppedImages/meteor/bramon_20210624_011909_J8_LOP.jpg,1,20210624
975,CroppedImages/nonmeteor/ukmon_20230319_001634_nonmeteor.jpg,0,20230319
976,CroppedImages/meteor/bramon_20200424_074717_J8_ABO.jpg,1,20200424
977,CroppedImages/nonmeteor/bramon_20221213_054955_nonmeteor.jpg,0,20221213
978,CroppedImages/nonmeteor/bramon_20210508_081901_nonmeteor.jpg,0,20210508
979,CroppedImages/nonmeteor/bramon_20230106_052738_nonmeteor.jpg,0,20230106
980,CroppedImages/nonmeteor/bramon_20220329_003124_nonmeteor.jpg,0,20220329
981,CroppedImages/meteor/ukmon_20230219_031024_UK0085.jpg,1,20230219
982,CroppedImages/meteor/bramon_20190526_022008_J8_JLY.jpg,1,20190526
983,CroppedImages/meteor/boam_20210811_021358_LITIK2.jpg,1,20210811
984,CroppedImages/nonmeteor/bramon_20160215_061435_nonmeteor.jpg,0,20160215
985,CroppedImages/nonmeteor/ukmon_20230302_191904_nonmeteor.jpg,0,20230302
986,CroppedImages/nonmeteor/bramon_20230319_083615_nonmeteor.jpg,0,20230319
987,CroppedImages/meteor/bramon_20210525_073303_J8_MMI.jpg,1,20210525
988,CroppedImages/meteor/bramon_20190505_051133_spo.jpg,1,20190505
989,CroppedImages/nonmeteor/bramon_20211022_020503_nonmeteor.jpg,0,20211022
990,CroppedImages/nonmeteor/ukmon_20230310_222342_nonmeteor.jpg,0,20230310
991,CroppedImages/nonmeteor/ukmon_20230315_024201_nonmeteor.jpg,0,20230315
992,CroppedImages/nonmeteor/bramon_20211022_002958_nonmeteor.jpg,0,20211022
993,CroppedImages/meteor/bramon_20171022_000417_J8_ZTA.jpg,1,20171022
994,CroppedImages/meteor/boam_20200422_012603_Chaligny.jpg,1,20200422
995,CroppedImages/nonmeteor/bramon_20160215_062602_nonmeteor.jpg,0,20160215
996,CroppedImages/nonmeteor/bramon_20230106_041252_nonmeteor.jpg,0,20230106
997,CroppedImages/nonmeteor/bramon_20210508_183422_nonmeteor.jpg,0,20210508
998,CroppedImages/meteor/bramon_20171022_062917_J8_ZTA.jpg,1,20171022
999,CroppedImages/nonmeteor/ukmon_20230310_231524_nonmeteor.jpg,0,20230310
